Video,Views
Future - Life Is Good (Official Music Video) ft. Drake,1428596944
El Chombo - Dame Tu Cosita feat. Cutty Ranks (Official Video) [Ultra Records],1244146939
TONES AND I - DANCE MONKEY (OFFICIAL VIDEO),980232716
"KAROL G, Nicki Minaj - Tusa (Official Video)",869089799
BTS (Î∞©ÌÉÑÏÜåÎÖÑÎã®) 'Dynamite' Official MV,740791257
BLACKPINK - 'How You Like That' M/V,718224273
Badshah ‚Äì Genda Phool | Jacqueline Fernandez | Payal Dev | Hit Anthem of the Year 2021,696384401
6IX9INE- GOOBA (Official Music Video),659255688
‡§∂‡•ç‡§∞‡•Ä ‡§π‡§®‡•Å‡§Æ‡§æ‡§® ‡§ö‡§æ‡§≤‡•Ä‡§∏‡§æ üå∫üôè| Shree Hanuman Chalisa Original Video |üôèüå∫| GULSHAN KUMAR | HARIHARAN |Full HD,652833340
Lehanga : Jass Manak (Official Video) Satti Dhillon - Punjabi Song - GK Digital - Geet MP3,640661966
Crazy Frog - Axel F (Official Video),633732780
"Anuel AA, Daddy Yankee, Karol G, Ozuna & J Balvin - China (Video Oficial)",624517542
Ed Sheeran - Shape of You (Official Music Video),580612169
Maluma - Haw√°i (Official Video),579296468
"#Video - #Rap Song - ‡§π‡•à‡§≤‡•ã ‡§ï‡•å‡§® - #Ritesh Pandey,Sneh Upadhya - Hello Koun - New Bhojpuri Song 2023",565596096
"Arc√°ngel, Sech - Sigues Con √âl (Video Oficial)",558298240
Justin Bieber - Yummy (Official Video),556066539
Luis Fonsi - Despacito ft. Daddy Yankee,552683924
Wiz Khalifa - See You Again ft. Charlie Puth [Official Video] Furious 7 Soundtrack,544922994
"Tainy, J. Balvin - Agua (Music From ""Sponge On The Run"" Movie)",524391644
"ROSAL√çA, J Balvin - Con Altura (Official Video) ft. El Guincho",501638998
Daddy Yankee & Snow - Con Calma (Video Oficial),495123552
BLACKPINK - 'How You Like That' DANCE PERFORMANCE VIDEO,493350246
#AlaVaikunthapurramuloo - ButtaBomma Full Video Song (4K) | Allu Arjun | Thaman S | Armaan Malik,493066730
"Black Eyed Peas, J Balvin - RITMO (Bad Boys For Life) (Official Music Video)",467911074
Rauw Alejandro & Camilo - Tattoo Remix (Video Oficial),464885841
BLACKPINK - 'Kill This Love' M/V,462686057
FILHALL | Akshay Kumar Ft Nupur Sanon | BPraak | Jaani | Arvindr Khaira | Ammy Virk | DESI MELODIES,460315340
BLACKPINK - 'Ice Cream (with Selena Gomez)' M/V,456904863
Imagine Dragons - Believer (Official Music Video),451073944
"Billie Eilish, Khalid - lovely (Official Music Video)",450444703
Ed Sheeran - Perfect (Official Music Video),446534697
"Jhay Cortez, J. Balvin, Bad Bunny - No Me Conoce (Remix)",444778268
BAD BUNNY - YO PERREO SOLA | YHLQMDLG (Video Oficial),441702503
"Vaaste Song: Dhvani Bhanushali, Tanishk Bagchi | Nikhil D | Bhushan Kumar | Radhika Rao, Vinay Sapru",430727754
BTS (Î∞©ÌÉÑÏÜåÎÖÑÎã®) 'ÏûëÏùÄ Í≤ÉÎì§ÏùÑ ÏúÑÌïú Ïãú (Boy With Luv) (feat. Halsey)' Official MV,430635760
PSY - GANGNAM STYLE(Í∞ïÎÇ®Ïä§ÌÉÄÏùº) M/V,429603260
"Illegal Weapon 2.0 - Street Dancer 3D | Varun D, Shraddha K | Tanishk B,Jasmine Sandlas,Garry Sandhu",429222378
Sumit Goswami - Feelings | KHATRI | Deepesh Goyal | Haryanvi Song 2020,412709819
BAD BUNNY x JHAY CORTEZ - D√ÅKITI (Video Oficial),412543008
"Lyrical: Tum Hi Aana | Marjaavaan | Riteish D, Sidharth M, Tara S |Jubin Nautiyal,Payal Dev,Kunaal V",412094685
Daddy Yankee - Que Tire Pa' 'Lante (Video Oficial),411858546
"Myke Towers, Farruko, Arcangel, Sech & Zion - Si Se Da Remix (Video Oficial)",408475591
"Full Song: KHAIRIYAT (BONUS TRACK) | CHHICHHORE | Sushant, Shraddha | Pritam, Amitabh B|Arijit Singh",406961167
Maroon 5 - Girls Like You ft. Cardi B (Official Music Video),405532499
BLACKPINK - ‚ÄòÎöúÎëêÎöúÎëê (DDU-DU DDU-DU)‚Äô M/V,402142077
"Post Malone, Swae Lee - Sunflower (Spider-Man: Into the Spider-Verse)",400757667
Camilo - Vida de Rico (Official Video),394111413
Nio Garcia x Brray x Juanka x Anuel AA x Myke Towers - La Jeepeta Remix (Lyric Video),390134275
Camilo - Favorito (Official Video),382381710
Lil Nas X - Old Town Road (Official Video) ft. Billy Ray Cyrus,382050901
KAROL G - BICHOTA (Official Video),379676191
FROZEN | Let It Go Sing-along | Official Disney UK,374367840
GOA BEACH - @TonyKakkar Neha Kakkar | Aditya Narayan | Kat | Anshul Garg | Hindi Song 2020,373540417
The Gummy Bear Song - Long English Version,369993760
Ozuna x Karol G x Myke Towers - Caramelo Remix (Video Oficial),368091463
"Pedro Cap√≥, Farruko - Calma (Remix - Official Video)",363520122
Marshmello - Alone (Official Music Video),359360722
"Full Video :Illegal Weapon 2.0|Street Dancer 3D |Varun D,Shraddha K,Nora|Tanishk B,Jasmine S,Garry S",358952563
Dua Lipa - Don't Start Now (Official Music Video),357199136
The Weeknd - Blinding Lights (Official Audio),354012094
ÿ≠ÿ≥ŸäŸÜ ÿßŸÑÿ¨ÿ≥ŸÖŸä - ÿ®ÿßŸÑÿ®ŸÜÿ∑ ÿßŸÑÿπÿ±Ÿäÿ∂ (ÿ≠ÿµÿ±ŸäÿßŸã) | 2020,353780575
52 GAJ KA DAMAN | PRANJAL DAHIYA | AMAN JAJI | RENUKA PANWAR | MUKESH JAJI | SAHIL SANDHU,350326346
"KAROL G - Ay, DiOs M√≠o! (Official Video)",345523256
Ozuna - Caramelo (Video Oficial),341181811
"DJ Snake - Taki Taki ft. Selena Gomez, Ozuna, Cardi B (Official Music Video)",337860700
Maroon 5 - Memories (Official Video),336918595
8 Parche | Baani Sandhu | Gur Sidhu | Gurneet Dosanjh | Punjabi Song | Ishtar Punjabi #punjabisong,336721975
Jay Wheeler - La Curiosidad ft. Myke Towers (Official Video),334234628
Billie Eilish - bad guy (Official Music Video),332863946
Alan Walker - Faded,332352118
Myke Towers - Diosa (Video Oficial),330689718
Dua Lipa - New Rules (Official Music Video),329207434
"Shawn Mendes, Camila Cabello - Se√±orita",325631612
The Weeknd - Blinding Lights (Official Video),323169410
"Dalex - Hola Remix ft. Lenny Tav√°rez, Chencho Corleone, Juhn ""El All Star"" (Video L√≠rico Oficial)",320280075
Housefull 4: Shaitan Ka Saala Video | Akshay Kumar | Sohail Sen Feat. Vishal Dadlani,319164654
Cardi B - WAP feat. Megan Thee Stallion [Official Music Video],318296111
EMIWAY - FIRSE MACHAYENGE (OFFICIAL MUSIC VIDEO),317770301
TROLLZ - 6ix9ine & Nicki Minaj (Official Music Video),315269910
"Full Song: Muqabla | Street Dancer 3D |A.R. Rahman, Prabhudeva, Varun D, Shraddha K, Tanishk B",312426561
Titliaan | Harrdy Sandhu | Sargun Mehta | Afsana Khan | Jaani | Avvy Sra | Arvindr Khaira,312425111
Travis Scott - SICKO MODE ft. Drake,312415162
"Camilo, Evaluna Montaner - Por Primera Vez (Official Video)",311655081
Los √Ångeles Azules - Nunca Es Suficiente ft. Natalia Lafourcade (Live),308716329
BLACKPINK - 'Lovesick Girls' M/V,308439972
"Maari 2 - Rowdy Baby (Video Song) | Dhanush, Sai Pallavi | Yuvan Shankar Raja | Balaji Mohan",308378011
BTS (Î∞©ÌÉÑÏÜåÎÖÑÎã®) 'ON' Kinetic Manifesto Film : Come Prima,308012900
"B Praak: Dil Tod Ke Official Song | Rochak Kohli , Manoj M |Abhishek S, Kaashish V | Bhushan Kumar",307322849
Dua Lipa - Break My Heart (Official Video),307070753
Mark Ronson - Uptown Funk (Official Video) ft. Bruno Mars,303823779
BLACKPINK - 'Î∂êÎ∞îÏïº (BOOMBAYAH)' M/V,302547662
Shakira - Waka Waka (This Time for Africa) (The Official 2010 FIFA World Cup‚Ñ¢ Song),301525641
"Garmi Song | Street Dancer 3D | Varun D, Nora F, Shraddha K, Badshah, Neha K | Remo D | T-Series",298644273
"Tainy, Anuel AA, Ozuna - Adicto (Official Video)",297635173
Eminem - Godzilla ft. Juice WRLD (Directed by Cole Bennett),296509528
Roddy Ricch - The Box [Official Audio],293665192
"ŸÖŸáÿ±ÿ¨ÿßŸÜ ÿ®ŸÜÿ™ ÿßŸÑÿ¨Ÿäÿ±ÿßŸÜ "" ÿ®ŸáŸàÿßŸäÿß ÿßŸÜÿ™Ÿä ŸÇÿßÿπÿØŸá ŸÖÿπÿßŸäÿß "" ÿ≠ÿ≥ŸÜ ÿ¥ÿßŸÉŸàÿ¥ Ÿà ÿπŸÖÿ± ŸÉŸÖÿßŸÑ - ÿ™Ÿàÿ≤Ÿäÿπ ÿßÿ≥ŸÑÿßŸÖ ÿ≥ÿßÿ≥Ÿà",290373054
Meri Aashiqui Song | Rochak Kohli Feat. Jubin Nautiyal | Ihana D | Shree Anwar Sagar | Bhushan Kumar,288242790
Passenger | Let Her Go (Official Video),286703902
Henrique e Juliano - LIBERDADE PROVIS√ìRIA - DVD Ao Vivo No Ibirapuera,286563221
Master KG - Jerusalema [Feat. Nomcebo] (Official Music Video),286130818
Naach Meri Rani: Guru Randhawa Feat. Nora Fatehi | Tanishk Bagchi | Nikhita Gandhi | Bhushan Kumar,281832791
Justin Bieber - Intentions (Official Video (Short Version)) ft. Quavo,281382529
Sech - Relaci√≥n (Video Oficial),281195108
BAD BUNNY x JOWELL & RANDY x √ëENGO FLOW - SAFAERA | YHLQMDLG [Visualizer],280664961
Roddy Ricch - The Box [Official Music Video],280191180
"DILBAR Lyrical | Satyameva Jayate |John Abraham, Nora Fatehi,Tanishk B, Neha Kakkar,Dhvani, Ikka",279914199
"Alex Rose ft. Cazzu, Lenny Tavarez, Lyanno & Rauw Alejandro - Toda (Remix) [Video Oficial]",277460750
Marshmello ft. Bastille - Happier (Official Music Video),276698628
"Camilo, Pedro Cap√≥ - Tutu (Official Video)",276119647
Housefull 4: Shaitan Ka Saala Full Video | Akshay Kumar | Sohail Sen Feat. Vishal Dadlani,275612266
Ed Sheeran - Thinking Out Loud (Official Music Video),275377380
"SIMMBA: Aankh Marey Lyrical | Ranveer Singh, Sara Ali Khan | Tanishk Bagchi, Mika Singh,Neha,Kumar S",275095673
Christina Perri - A Thousand Years [Official Music Video],274295635
BTS (Î∞©ÌÉÑÏÜåÎÖÑÎã®) 'DNA' Official MV,273673154
Duji Vaar Pyar | Sunanda Sharma | Sukh-E | Jaani | Arvindr K | Official Video | Mad 4 Music,273195927
"Muqabla - Street Dancer 3D |A.R. Rahman, Prabhudeva, Varun D, Shraddha K, Tanishk B, Yash ,Parampara",271262306
Ozuna x Camilo - Despeinada (Video Oficial),270618159
twenty one pilots: Stressed Out [OFFICIAL VIDEO],267686930
"Lady Gaga, Ariana Grande - Rain On Me (Official Music Video)",265756189
Osito Gominola - Full Spanish Version - The Gummy Bear Song,264822467
LP - Lost On You (Live),261006887
Katy Perry - Roar,260335542
"Sech, Daddy Yankee, J Balvin, Rosal√≠a, Farruko - Relaci√≥n Remix (Video Oficial)",259747920
"Anuel AA , Bad Bunny - Hasta Que Dios Diga ( Video Oficial )",259685419
Maroon 5 - Sugar (Official Music Video),259299133
OneRepublic - Counting Stars,258657191
Doja Cat - Say So (Official Video),258546345
"Full Song:LAGDI LAHORE DI|Street Dancer 3D | Varun D,Shraddha K, Nora F |Guru Randhawa,Tulsi Kumar",256922370
Drake - Toosie Slide (Official Music Video),256809614
"ITZY ""WANNABE"" M/V @ITZY",255269791
Bruno Mars - The Lazy Song (Official Music Video),254901401
J Balvin - Rojo (Official Video),253997702
Aya Nakamura - Djadja (Clip officiel),253235142
"J Balvin, Willy William - Mi Gente (Official Video)",252429295
John Legend - All of Me (Official Video),252204812
DaBaby ‚Äì ROCKSTAR FT RODDY RICCH [Audio],249025044
Coolio - Gangsta's Paradise (feat. L.V.) [Official Music Video],248952201
Imran Khan - Satisfya (Official Music Video),248664525
Lele Pons & Guaynaa - Se Te Nota (Official Music Video),248397249
Henrique e Juliano - VOLTA POR BAIXO - DVD Ao Vivo No Ibirapuera,246252923
"Bum Bum Bole (Full Song) Film - Taare Zameen Par | Shaan, Aamir Khan",246079225
SUPERSTAR - Riyaz Aly & Anushka Sen | Neha Kakkar | Vibhor Parashar | Sarmad | Raghav | Babbu,244765073
CantaJuego - Chocolate,244409284
"Los √Ångeles Azules, Belinda, Lalo Ebratt - Amor A Primera Vista ft. Horacio Palencia",243840824
Ariana Grande - 7 rings (Official Video),243355278
Gusttavo Lima ‚Äì A Gente Fez Amor - DVD O Embaixador In Cariri (Ao Vivo),242911035
Mar√≠lia Mendon√ßa - GRAVETO (Todos Os Cantos),242423825
BAD BUNNY - SI VEO A TU MAM√Å | YHLQMDLG (Video Oficial),242306773
ZAYN - Dusk Till Dawn (Official Video) ft. Sia,241972755
"Lady Gaga, Bradley Cooper - Shallow (from A Star Is Born) (Official Music Video)",241870556
Dil Laga Liya - Full Video | Dil Hai Tumhaara | Preity & Arjun Rampal | Alka Yagnik & Udit Narayan,240336828
Dua Lipa - Physical (Official Video),240057961
BAD BUNNY - CALLA√çTA (Video Oficial),240045648
Rauw Alejandro & Chencho Corleone - El Efecto (Video Oficial),239657216
Kamaal Song | Uchana Amit | Ft. | Badshah | Alina | Punjabi Song | #kamal #badshah #uchanaamit,238966662
Gotye - Somebody That I Used To Know (feat. Kimbra) [Official Music Video],238566464
6ix9ine - BEBE ft. Anuel AA,238292602
Travis Scott - HIGHEST IN THE ROOM (Official Music Video),238189137
Major Lazer & DJ Snake - Lean On (feat. M√ò) (Official Music Video),237971679
"Kinna Sona Full Video | Marjaavaan | Sidharth M, Tara S | Meet Bros,Jubin N, Dhvani Bhanushali",237778710
"Cham Cham Full Video | BAAGHI | Tiger Shroff, Shraddha Kapoor| Meet Bros, Monali Thakur| Sabbir Khan",237518354
Katy Perry - Dark Horse ft. Juicy J,236166903
"Black Eyed Peas, Ozuna, J. Rey Soul - MAMACITA (Official Music Video)",235602890
#Video || #Khesari Lal Yadav | ‡§≠‡§§‡•Ä‡§ú‡§µ‡§æ ‡§ï‡•á ‡§Æ‡•å‡§∏‡•Ä ‡§ú‡§ø‡§Ç‡§¶‡§æ‡§¨‡§æ‡§¶ | #Antra Singh | Bhojpuri Holi Song 2020,234290845
Travis Scott - goosebumps ft. Kendrick Lamar,234181919
Full Video: Papa Mere Papa | Main Aisa Hi Hoon | Sushmita Sen | Himesh Reshammiya,234134319
"Full Song: O SAKI SAKI | Batla House | Nora Fatehi, Tanishk B,Neha K,Tulsi K, B Praak,Vishal-Shekhar",233044644
"Jhay Cortez, Anuel AA, J. Balvin - Medusa (Official Video)",230253895
Bande Organis√©e - Sch / Kofs / Jul / Naps / Soso maness / Elams / Solda / Houari // Clip Officiel,230068480
Natti Natasha ‚ùå Ozuna - Criminal [Official Video],228900799
Guns N' Roses - November Rain,228512651
Yo Ya No Vuelvo Contigo - (Video Oficial) - Lenin Ramirez ft. Grupo Firme,228130196
"Sandese Aate Hai - HD Video | Border | Sunny Deol, Suniel Shetty | Best Patriotic Hindi Song",227168078
Rauw Alejandro ‚ùå Farruko - Fantas√≠as (Video Oficial),225398033
BTS (Î∞©ÌÉÑÏÜåÎÖÑÎã®) 'IDOL' Official MV,225172579
J BALVIN x BAD BUNNY - LA CANCI√ìN | OASIS (Video Oficial),224922609
Baby Girl | Guru Randhawa Dhvani Bhanushali | Remo D'Souza | Bhushan Kumar | Vee,224315370
Official Video: Humnava Mere Song | Jubin Nautiyal | Manoj Muntashir | Rocky - Shiv | Bhushan Kumar,223694133
Sub Urban - Cradles [Official Music Video],223534342
"Laung Laachi Title Song | Mannat Noor | Ammy Virk, Neeru Bajwa,Amberdeep | Latest Punjabi Song 2018",223452845
"Rauw Alejandro, Anuel AA, Natti Natasha Ft. Farruko y Lunay - Fantas√≠as Remix (Video Oficial)",223258305
"TWICE ""MORE & MORE"" M/V",221994614
BTS (Î∞©ÌÉÑÏÜåÎÖÑÎã®) 'Black Swan' Official MV,221673198
BTS (Î∞©ÌÉÑÏÜåÎÖÑÎã®) 'ON' Official MV,220761331
MC Niack - Oh Juliana (kondzilla.com),220487386
twenty one pilots: Heathens (from Suicide Squad: The Album) [OFFICIAL VIDEO],220160577
"Cardi B, Bad Bunny & J Balvin - I Like It [Official Music Video]",220077335
BTS (Î∞©ÌÉÑÏÜåÎÖÑÎã®) 'MIC Drop (Steve Aoki Remix)' Official MV,219758340
Doja Cat - Boss B*tch (from Birds of Prey: The Album) [Official Music Video],219753077
Dynoro & Gigi D‚ÄôAgostino - In My Mind,219446257
Imagine Dragons - Thunder,219152026
Katy Perry - Bon App√©tit (Official) ft. Migos,217717927
BTS (Î∞©ÌÉÑÏÜåÎÖÑÎã®) 'Life Goes On' Official MV,217505154
Numb (Official Music Video) [4K UPGRADE] ‚Äì Linkin Park,217449156
#AlaVaikunthapurramuloo - Ramuloo Ramulaa Full Song || Allu Arjun || Trivikram | Thaman S |#AA19,216942551
Paulo Londra - Tal Vez (Official Video),216832795
Eminem - Love The Way You Lie ft. Rihanna,216488287
Neeli Neeli Aakasam Full Video Song - 30 Rojullo Preminchadam Ela | Pradeep Machiraju | Sid Sriram,215090616
Leja Re | Dhvani Bhanushali | Tanishk Bagchi | Rashmi Virag |Radhika Rao| Vinay Sapru | Siddharth,214018098
"Yaad Piya Ki Aane Lagi | Divya Khosla Kumar |Neha K,Tanishk B,Jaani, Faisu, Radhika&Vinay |Bhushan K",212825706
In The End [Official HD Music Video] - Linkin Park,212793673
"LMFAO - Party Rock Anthem ft. Lauren Bennett, GoonRock",212667899
Crazy Frog - Crazy Frog In The House (Official Video),212014846
Justin Bieber - Baby ft. Ludacris,211702996
"Casper, Nio Garc√≠a, Darell, Nicky Jam, Bad Bunny, Ozuna - Te Bote Remix (Video Oficial)",211607878
Lewis Capaldi - Someone You Loved,211367184
"Idina Menzel, AURORA - Into the Unknown (From ""Frozen 2"")",210210286
Rauw Alejandro‚ùåChencho Corleone FT. Kevvo ‚ùå Bryant Myers‚ùåLyanno ‚ùåDalex - El Efecto RMX (VIDEO LYRIC),209968947
Billie Eilish - when the party's over (Official Music Video),209764235
a-ha - Take On Me (Official Video) [Remastered in 4K],209582796
BAD BUNNY x SECH - IGNORANTES | YHLQMDLG (Video Oficial),209195153
"Becky G, NATTI NATASHA - Sin Pijama (Official Video)",209165984
BLACKPINK - 'ÎßàÏßÄÎßâÏ≤òÎüº (AS IF IT'S YOUR LAST)' M/V,209049146
BTS (Î∞©ÌÉÑÏÜåÎÖÑÎã®) 'FAKE LOVE' Official MV,208876029
DaBaby - BOP on Broadway (Hip Hop Musical),208197440
Charlie Puth - We Don't Talk Anymore (feat. Selena Gomez) [Official Video],207857127
"Y2K, bbno$ - Lalala (Official Video)",207657291
"Idina Menzel, Evan Rachel Wood - Show Yourself (From ""Frozen 2""/ Sing-Along)",206834012
Maluma - 11 PM (Official Video),206233638
Drake - Laugh Now Cry Later (Official Music Video) ft. Lil Durk,205997114
Tyga - Taste (Official Video) ft. Offset,204097747
"Full Song: Garmi | Street Dancer 3D | Varun D, Nora F, Badshah, Neha K | Remo D",204059509
Dheeme Dheeme - @TonyKakkar | Neha Sharma | Official Music Video,201771739
NiziU „ÄéMake you happy„Äè M/V,201304498
Lil Baby x 42 Dugg - We Paid (Official Video),201284696
"üå°105F RMX - Kevvo FT Chencho Corleone, Farruko , Myke Towers, Arcangel, √ëengo Flow, Darell, Brytiago",201233946
Zum Zum Zum Zum Zum - Yasmin Verissimo - M√∫sica Educativa Dengue,200746646
Gustavo Mioto - COM OU SEM MIM - DVD Ao Vivo Em Fortaleza,200463113
"Dalex - Pa Mi (Remix) ft. Sech, Rafa Pab√∂n, Cazzu, Feid, Khea and Lenny Tav√°rez [Video Oficial]",200052192
Cardi B - WAP feat. Megan Thee Stallion [Official Audio],198830713
Natti Natasha X Romeo Santos - La Mejor Versi√≥n De Mi (Remix) [Official Video],198727663
XXXTENTACION - MOONLIGHT (OFFICIAL MUSIC VIDEO),198626228
Rick Astley - Never Gonna Give You Up (Official Music Video),198415676
Danna Paola - Mala Fama,198304660
Clean Bandit - Rockabye (feat. Sean Paul & Anne-Marie) [Official Video],198257635
"Makhna - Drive| Sushant Singh Rajput, Jacqueline Fernandez| Tanishk Bagchi, Asees Kaur",197706831
"Paas Bulati Hai | Jaanwar - Mothers Song | ‡§Æ‡§¶‡§∞‡•ç‡§∏ ‡§°‡•á ‡§∏‡•ç‡§™‡•á‡§∂‡§≤ | Shilpa Shetty | Alka Yagnik, Sunidhi",197661109
‡∏™‡∏¥‡∏°‡∏≤‡∏Æ‡∏±‡∏Å‡∏´‡∏¢‡∏±‡∏á‡∏ï‡∏≠‡∏ô‡∏ô‡∏µ‡πâ - ‡∏ï‡πà‡∏≤‡∏¢ ‡∏≠‡∏£‡∏ó‡∏±‡∏¢ „Äê MV CUTDOWN„Äë,197563595
RASA - –ü—á–µ–ª–æ–≤–æ–¥ | –ü–†–ï–ú–¨–ï–†–ê –ö–õ–ò–ü–ê 2019,197132471
Soltera Remix - Lunay X Daddy Yankee X Bad Bunny ( Video Oficial ),196715851
Mile Ho Tum - Reprise Version | Neha Kakkar | Tony Kakkar | Fever | Gaurav Jang,196143432
Post Malone ft. 21 Savage - rockstar (Official Music Video),195898463
Juice WRLD - Lucid Dreams (Directed by Cole Bennett),195851056
Piso 21 & Christian Nodal - Pa' Olvidarme De Ella (Video Oficial),195784842
MC Fioti - Bum Bum Tam Tam (KondZilla) | Official Music Video,195753952
Soolking feat. Dadju - MelegÃÜim [Clip Officiel] Prod by Nyadjiko,195361937
Rihanna - Diamonds,194510994
LAARE : Maninder Buttar | Sargun Mehta | B Praak | Jaani | Arvindr Khaira | Punjabi Song,194424277
Mohamed Ramadan - BUM BUM [ Official Music Video ] / ŸÖÿ≠ŸÖÿØ ÿ±ŸÖÿ∂ÿßŸÜ - ÿ±ÿßŸäÿ≠ŸäŸÜ ŸÜÿ≥Ÿáÿ±,194255292
"Dalex - Bellaquita (Remix) ft. Lenny Tav√°rez, Anitta, Natti Natasha, Farruko, Justin Quiles",194103377
Rauw Alejandro x Dalex x Lenny Tavarez x Dimelo Flow - ELEG√ç (Video Oficial),193481342
"Luis √Ångel G√≥mez Jaramillo, Gael Garc√≠a Bernal - Un Poco Loco (De ""Coco"")",193103904
Dwayne Johnson - You're Welcome (from Moana/Official Video),192965526
David Guetta - Titanium ft. Sia (Official Video),191632151
GAL KARKE - Asees Kaur | Siddharth Nigam | Anushka Sen | Babbu| Anshul Garg | Punjabi Song,191404150
Jorge & Mateus - CHEIROSA (V√≠deo Oficial),191143829
6IX9INE- YAYA (Official Music Video),190780340
"El Alfa ""El Jefe"" - Singapur (El Androide)",190461612
"CAN'T STOP THE FEELING! (from DreamWorks Animation's ""TROLLS"") (Official Video)",190002855
"TWICE ""I CAN'T STOP ME"" M/V",189574974
Daddy Yankee - Dura (Video Oficial),189187864
"Anuel AA, KAROL G - Secreto",188786868
J Balvin - Morado (Official Video),188448546
Mar√≠lia Mendon√ßa - INTEN√á√ÉO feat. Gaab (Todos Os Cantos),188441247
Billie Eilish - everything i wanted (Official Music Video),187966783
"Pedro Sampaio, Felipe Original, JS o M√£o de Ouro - SENTAD√ÉO",187251242
CantaJuego - Soy Una Taza (Version Mexico),187245711
Mar√≠lia Mendon√ßa - SUPERA (Todos Os Cantos),187145216
"Anuel AA, Enrique Iglesias - F√∫tbol y Rumba ( Video Oficial)",186915476
"Tujh Mein Rab Dikhta Hai Song | Rab Ne Bana Di Jodi | Shah Rukh Khan, Anushka Sharma | Roop Kumar",186161573
Jennifer Lopez - On The Floor ft. Pitbull,185441211
"OFFICIAL Somewhere over the Rainbow - Israel ""IZ"" Kamakawiwo ªole",184845841
JENNIE - 'SOLO' M/V,184454364
Metallica: Nothing Else Matters (Official Music Video),184255259
Anuel AA - Keii [Official Video],183983755
Christian Nodal - De Los Besos Que Te Di (Video Oficial),183567510
Rahat Fateh Ali Khan - Zaroori Tha,183243119
Red Velvet Î†àÎìúÎ≤®Î≤≥ 'Psycho' MV,183209191
BAD BUNNY - VETE | YHLQMDLG (Video Oficial),182807419
Lil Mosey - Blueberry Faygo (Directed by Cole Bennett),182618166
"Dil Meri Na Sune Lyrical - Genius | Utkarsh Sharma, Ishita | Atif Aslam | Himesh Reshammiya",182435994
Pyaar De | Sunny Leone & Rajniesh Duggall | Ankit Tiwari | Beiimaan Love,182400547
Becky G - MALA SANTA (√Ålbum Visual),182123573
"Teri Aankhon Mein Song: Divya K | Darshan R, Neha K | Pearl V Manan B | Radhika, Vinay | Bhushan K",181889873
Eminem - Without Me (Official Music Video),181203952
"#VIDEO SONG | #Pandey Ji Ka Beta Hoon - Pradeep Pandey ""Chintu"" | Mai Re Mai | #Bhojpuri Movie Song",181038608
Marshmello & Anne-Marie - FRIENDS (Music Video) *OFFICIAL FRIENDZONE ANTHEM*,180991809
Rauw Alejandro - Tattoo (Video Oficial),180828592
#Video || #Khesari Lal Yadav | ‡§≤‡§π‡§Ç‡§ó‡§æ ‡§≤‡§ñ‡§®‡§ä‡§Ü | #Antra Singh | Bhojpuri Superhit Song 2020,180692975
Eminem - Rap God (Explicit),180098908
‡§§‡•á‡§∞‡•Ä ‡§¶‡•Å‡§≤‡•ç‡§π‡§® ‡§∏‡§ú‡§æ‡§ä‡§Ç‡§ó‡•Ä | Teri Dulhan Sajaoongi | Barsaat | Bobby Deol | Priyanka Chopra | Bipasha Basu,179940429
Post Malone - Circles,179854613
PUCHDA HI NAHIN - Neha Kakkar | Rohit Khandelwal | Babbu | Maninder B | MixSingh,179782768
Burjkhalifa | Laxmii | Akshay Kumar | Kiara Advani | Nikhita Gandhi | Shashi-Dj Khushi | Gagan,179773697
Adele - Someone Like You (Official Music Video),179540592
Ariana Grande - positions (official video),179273797
"Becky G, Bad Bunny - Mayores (Official Video)",179198128
4 Non Blondes - What's Up (Official Music Video),179086129
Zehra - Cennetten √ái√ßek,178501701
Rag'n'Bone Man - Human (Official Video),178437763
EVERGLOW (ÏóêÎ≤ÑÍ∏ÄÎ°úÏö∞) - DUN DUN MV,178436850
Agust D 'ÎåÄÏ∑®ÌÉÄ' MV,177086608
Nirvana - Smells Like Teen Spirit (Official Music Video),176866419
Thiaguinho MT feat Mila e JS O M√£o de Ouro - Tudo OK (kondzilla.com) | Official Music Video,176106745
"COCO COLA (Full Song) | Ruchika Jangid, Kay D | New Haryanvi Songs Haryanavi 2020 | Nav Haryanvi",175173353
"Maluma - Parce (Official Video) ft. Lenny Tav√°rez, Justin Quiles",175153828
Harry Styles - Adore You (Official Video),175107652
Dhurata Dora ft. Soolking - Zem√´r,173999779
Ozuna x Romeo Santos - El Farsante (Remix) (Video Oficial),173962561
"Sauda Khara Khara |Good Newwz| Akshay kumar , Kareena , Diljit , Kiara| Sukhbir,Dhvani,Lijo,DjChetas",173849951
Justin Quiles @NattiNatasha @farruko Zion @dalex @LennyTavarezMusic DJ No Pare REMIX (Video Oficial),173635158
"Batla House: O SAKI SAKI Video | Nora Fatehi, Tanishk B, Neha K, Tulsi K, B Praak, Vishal-Shekhar",173431172
‡∏™‡∏±‡∏ç‡∏ç‡∏≤‡∏ô‡πâ‡∏≥‡∏ï‡∏≤‡πÅ‡∏°‡πà - ‡∏°‡∏ô‡∏ï‡πå‡πÅ‡∏Ñ‡∏ô ‡πÅ‡∏Å‡πà‡∏ô‡∏Ñ‡∏π‡∏ô„ÄêMUSIC VIDEO„Äë,172536410
Reynmen - Leila ( Official Video ),172475437
"Arijit Singh: Pachtaoge | Vicky Kaushal, Nora Fatehi |Jaani, B Praak, Arvindr Khaira | Bhushan Kumar",172376991
Nelly - Dilemma (Official Music Video) ft. Kelly Rowland,172072451
Ed Sheeran - Photograph (Official Music Video),171999813
Hook Up Song - Student Of The Year 2 | Tiger Shroff & Alia | Vishal and Shekhar |Neha Kakkar|Kumaar,171847248
Michael Jackson - Billie Jean (Official Video),171498809
"Naagin - Vayu, Aastha Gill, AKASA, Puri | Official Music Video 2019",171462242
The Weeknd - Starboy ft. Daft Punk (Official Video),170967197
"Ferrugem - Sinto sua Falta, √â Natural, Pra Voc√™ Acreditar e Pirata e Tesouro ""DVD Ch√£o De Estrelas""",170899023
"Kaun Hain Voh - Full Video | Baahubali - The Beginning | Kailash K | Prabhas | MM Kreem , Manoj M",170479888
Daru Badnaam | Kamal Kahlon & Param Singh | Official Video | Pratik Studio | Latest Punjabi Songs,170434147
Michael Jackson - Smooth Criminal (Official Video),170318058
Harry Styles - Watermelon Sugar (Official Video),170157162
Yo Yo Honey Singh : LOCA (Official Video) | Bhushan Kumar | New Song 2020 | T-Series,169661559
"Poesia Ac√∫stica #6 - Era Uma Vez - Mc Cabelinho, Orochi, Bob, Maquiny, Azzy, Filipe Ret, Dudu, Xam√£",169539359
50 Cent - In Da Club (Official Music Video),169352962
"Stray Kids ""Á•ûÎ©îÎâ¥(God's Menu)"" M/V",169192905
Farruko - La T√≥xica (Official Video),169151947
ROSAL√çA & Travis Scott - TKN (Official Video),169025480
BAD BUNNY - SI ESTUVI√âSEMOS JUNTOS | X100PRE (Video Oficial),168971547
Matheus & Kauan - Quarta Cadeira (Ao Vivo Em Goi√¢nia / 2018) ft. Jorge & Mateus,168913429
Eu Sou O Gummy Bear - Gummy Bear Song Brazilian Osito Gominola Brazil Som Livre Brasil,168418522
"FULL SONG: Nachi Nachi | Street Dancer 3D | Varun D,Shraddha K,Nora F| Neeti M,Dhvani B,Millind G",168384616
"Jessie J - Bang Bang ft. Ariana Grande, Nicki Minaj",167572318
Anuel AA - Narcos (Video Oficial),167394991
"'PREM RATAN DHAN PAYO' Title Song (Full VIDEO) | Salman Khan, Sonam Kapoor | Palak Muchhal T-Series",167201814
Henrique e Juliano - BRIGA FEIA - DVD Ao Vivo No Ibirapuera,167156087
Lady Gaga - Bad Romance (Official Music Video),167062690
AC/DC - Thunderstruck (Official Video),166205036
"Jai Jai Shivshankar Song | Holi Song | WAR | Hrithik Roshan, Tiger Shroff | Vishal & Shekhar, Benny",166164366
Bruno Mars - That‚Äôs What I Like [Official Music Video],165218939
Justin Timberlake - Mirrors (Official Video),164835742
HA-ASH - Lo Aprend√≠ de Ti (Primera Fila - Hecho Realidad [En Vivo]),164429657
Poesia Ac√∫stica #9 - Melhor Forma - L7NNON | CHRIS | Xam√£ | Lourena | Cesar Mc | Djonga | Filipe Ret,164347341
"Rula Ke Gaya Ishq | Bhavin, Sameeksha, Vishal | Stebin Ben, Sunny-Inder, Kumaar| Zee Music Originals",164075161
Ece Mumay - Galaksi,163863909
"Tera Fitoor Lyrical - Genius | Utkarsh Sharma, Ishita Chauhan | Arijit Singh | Himesh Reshammiya",163837338
Sean Kingston - Beautiful Girls (Official HD Video),163548924
"J Balvin, Dua Lipa, Bad Bunny, Tainy - UN DIA (ONE DAY)",163375345
Pharrell Williams - Happy (Video),163288034
"MUMMY NU PASAND Video | Jai Mummy Di l Sunny S, Sonnalli S l Jaani, Sunanda S, Tanishk B, Sukh-E",162696322
Nicky Jam x J. Balvin - X (EQUIS) | Video Oficial | Prod. Afro Bros & Jeon,162646321
Queen ‚Äì Bohemian Rhapsody (Official Video Remastered),162315104
Marshmello - Stars (Official Music Video),162168242
Mu√©velo - Nicky Jam & Daddy Yankee,161498222
Ariana Grande ft. Nicki Minaj - Side To Side (Official Video) ft. Nicki Minaj,160870116
Ava Max - Sweet but Psycho [Official Music Video],160437295
MAGIC! - Rude (Official Video),160184794
Coldplay - Hymn For The Weekend (Official Video),160149486
Adele - Hello (Official Music Video),160131219
J Balvin - Blanco,160035814
Coldplay - Paradise (Official Video),159828605
Melendi - Destino o Casualidad ft. Ha*Ash,159707204
"Ghungroo Song | WAR | Hrithik Roshan, Vaani Kapoor | Arijit Singh, Shilpa | Vishal & Shekhar, Kumaar",159603084
The Chainsmokers & Coldplay - Something Just Like This (Lyric),159571894
#AlaVaikunthapurramuloo - Ramuloo Ramulaa Telugu Video Song || Allu Arjun || Trivikram | Thaman S,159232874
LITTLE BIG - HYPNODANCER (Official Music Video),159191184
Residente - Ren√© (Official Video),159134943
[MV] ÎßàÎßàÎ¨¥(MAMAMOO) - HIP,158968112
BAD BUNNY - LA DIF√çCIL | YHLQMDLG (Video Oficial),158714341
Marshmello & Anne-Marie - FRIENDS (Lyric Video) *OFFICIAL FRIENDZONE ANTHEM*,158568181
Taylor Swift - Blank Space,158324158
Shakira - Hips Don't Lie (Official 4K Video) ft. Wyclef Jean,157928225
"#Uppena - Nee Kannu Neeli Samudram Lyrical | Panja Vaisshnav Tej,Krithi Shetty |Vijay Sethupathi|DSP",157608757
Drake - God's Plan,157527817
Maiara e Maraisa - A√≠ Eu bebo - EP Aqui Em Casa,157447583
The Weeknd - The Hills,157404384
"Christian Nodal, √Ångela Aguilar - Dime C√≥mo Quieres (Video Oficial)",157386766
Rauw Alejandro ‚ùå Farruko - Fantas√≠as (Unplugged),157061713
LITTLE BIG ‚Äì SKIBIDI (official music video),156603646
"Dalex - Hola Remix ft. Lenny Tav√°rez, Chencho Corleone, Juhn ""El All Star"" (Audio Oficial)",156537584
Chris Brown - No Guidance (Official Video) ft. Drake,156425779
"Bekhayali Full Song | Kabir Singh | Shahid K,Kiara A|Sandeep Reddy Vanga | Sachet-Parampara | Irshad",155896872
"Tum Hi Aana Full Video | Marjaavaan | Riteish D, Sidharth M, Tara S | Jubin N | Payal Dev Kunaal V",155750637
Same Beef Song | BOHEMIA | Ft. Sidhu Moose Wala | Byg Byrd | Punjabi Song #sidhumoosewala #bohemia,155738932
"Chogada With Lyrics | Loveyatri | Aayush Sharma | Warina Hussain |Darshan Raval, Lijo-DJ Chetas",155507141
"David Guetta, Bebe Rexha & J Balvin - Say My Name (Official Video)",155223036
Willy William - Ego (Clip Officiel),155015771
Lil Nas X - Panini (Official Video),154965062
Jason Derulo - Swalla (feat. Nicki Minaj & Ty Dolla $ign) [Official Music Video],154688373
POP SMOKE - DIOR (OFFICIAL VIDEO),154584492
Paulo Londra - Adan y Eva (Official Video),154581134
Juice WRLD - Robbery (Directed by Cole Bennett),154336055
KURTA PAJAMA - Tony Kakkar ft. Shehnaaz Gill | Punjabi Song 2020,154178625
Fifth Harmony - Work from Home (Official Video) ft. Ty Dolla $ign,154031932
Bom Diggy Diggy (VIDEO) | Zack Knight | Jasmin Walia | Sonu Ke Titu Ki Sweety,153965856
BLACKPINK - 'ÌúòÌååÎûå (WHISTLE)' M/V,153714192
"Jagga Jasoos: Galti Se Mistake Video Song | Ranbir, Katrina | Pritam, Arijit, Amit | Amitabh B",153678388
Ve Maahi | Kesari | Akshay Kumar & Parineeti Chopra | Arijit Singh & Asees Kaur | Tanishk Bagchi,153451980
BAD BUNNY x DRAKE - M√çA (Video Oficial),153370788
#AlaVaikunthapurramuloo - Samajavaragamana Full Video Song (4K) | Allu Arjun | Trivikram | Thaman S,153356434
#Video - ‡§≤‡§æ‡§ñ‡•ã ‡§π‡•à ‡§¶‡§ø‡§µ‡§æ‡§®‡•á - Lakho Hai Deewane - Ankush Raja - Hindi Songs 2019 New,153286656
twenty one pilots - Ride (Official Video),153050560
Arctic Monkeys - Do I Wanna Know? (Official Video),152747289
VIDEO | Rakesh Mishra | ‡§è ‡§∞‡§æ‡§ú‡§æ ‡§ú‡§æ‡§à ‡§®‡§æ ‡§¨‡§π‡§∞‡§ø‡§Ø‡§æ | Ye Raja Jai Na Bahriya |Trishakar Madhu Bhojpuri Song,152633595
Guru Randhawa: High Rated Gabru Official Song | DirectorGifty | Bhushan Kumar | T-Series,152250652
Lewis Capaldi - Before You Go (Official Video),152000481
Guru Randhawa: Ishq Tera (Official Video) | Nushrat Bharucha | Bhushan Kumar | T-Series,151602771
Christian Nodal - Adi√≥s Amor (Video Oficial),151524382
"TWICE ""Feel Special"" M/V",151399048
"Luka Chuppi: COCA COLA Song | Kartik A, Kriti S | Tony Kakkar Tanishk Bagchi Neha Kakkar Young Desi",151294850
The Chainsmokers - Closer (Lyric) ft. Halsey,151201673
"Santa Fe Klan, Neto Pe√±a, Yoss Bones - Debo Entender",151047102
"Thalia, NATTI NATASHA - No Me Acuerdo (Official Video)",150999091
Anuel AA - Reggaetonera (Video Oficial),150907811
BTS (Î∞©ÌÉÑÏÜåÎÖÑÎã®) 'Ìîº ÎïÄ ÎààÎ¨º (Blood Sweat & Tears)' Official MV,150379421
Juice WRLD - Bandit ft. NBA Youngboy (Directed by Cole Bennett),149707529
Justin Bieber - Sorry (PURPOSE : The Movement),149597093
ŸÖÿ≠ŸÖŸàÿØ ÿßŸÑÿ∫Ÿäÿßÿ´ - ÿ±ÿ®Ÿä ÿ±ÿ≤ŸÇŸÜŸä (ŸÅŸäÿØŸäŸà ŸÉŸÑŸäÿ® ÿ≠ÿµÿ±Ÿä) | 2019 | Mahmod AlGayath - Rabe Razakne,149400925
Backstreet Boys - I Want It That Way (Official HD Video),149375419
Dennis & MC Don Juan - Te Prometo (Clipe Oficial),149170575
R.E.M. - Losing My Religion (Official Music Video),149106914
Whitney Houston - I Will Always Love You (Official 4K Video),149051618
The Chainsmokers - Don't Let Me Down (Official Video) ft. Daya,149026093
Madonna - La Isla Bonita (Official Video),148882040
"Enrique Iglesias - Bailando ft. Descemer Bueno, Gente De Zona",148847608
James Arthur - Say You Won't Let Go,148295859
"Shakira, Anuel AA - Me Gusta (Official Video)",148225215
Auli'i Cravalho - How Far I'll Go (from Moana/Official Video),148106175
‡§∏‡•ã‡§®‡§æ ‡§ï‡•á ‡§∏‡§ø‡§ï‡•ú‡§∞‡•Ä‡§Ø‡§æ - #Antra Singh Priyanka Superhit Song | Sona Ke Sikadiya - Bhojpuri Video Song,147882622
Ozuna - Se Prepar√≥ (Video Oficial) | Odisea,147551763
BTS (Î∞©ÌÉÑÏÜåÎÖÑÎã®) 'Stay Gold' Official MV,147301604
Teri Mitti - Kesari | Akshay Kumar & Parineeti Chopra | Arko | B Praak | Manoj Muntashir,147058669
Sia - Chandelier (Official Video),146611217
"Arijit Singh : Lambiyaan Si Judaiyaan With Lyrics | Raabta | Sushant Rajput, Kriti Sanon | T-Series",146589371
Official Video: Nikle Currant Song | Jassi Gill | Neha Kakkar | Sukh-E Muzical Doctorz | Jaani,146048715
Post Malone - Congratulations ft. Quavo,146028289
Queen - I Want To Break Free (Official Video),145828561
DJ Khaled ft. Drake - POPSTAR (Official Music Video - Starring Justin Bieber),145786779
Trem da Alegria - Yasmin Verissimo - M√∫sica Gospel Infantil 2,145586926
"ŸÖŸáÿ±ÿ¨ÿßŸÜ "" ÿπŸàÿØ ÿßŸÑÿ®ŸÜÿßÿ™ ÿπÿßŸÑŸâ "" ÿ≠ÿ≥ŸÜ ÿ¥ÿßŸÉŸàÿ¥ Ÿà ÿπŸÖÿ± ŸÉŸÖÿßŸÑ - ÿ™Ÿàÿ≤Ÿäÿπ ÿßÿ≥ŸÑÿßŸÖ ÿ≥ÿßÿ≥Ÿà 2020",145230969
"DJ Khaled - I'm The One ft. Justin Bieber, Quavo, Chance the Rapper, Lil Wayne",145198888
"GIMS, Maluma - Hola Se√±orita (Maria) [Official Video]",145166386
KALLA SOHNA NAI - Neha Kakkar | Asim Riaz & Himanshi Khurana | Babbu | Rajat Nagpal | Anshul Garg,144900445
Halsey - Without Me,144883009
J Balvin - Amarillo (Official Video),144366401
Paulo Londra ft Lenny Tavarez - Nena Maldicion (Official Video),144292688
„ÄêMV Full„Äë‡πÇ‡∏î‡∏î‡∏î‡∏¥‡∏î‡πà‡∏á Ost. ‡πÑ‡∏ó‡∏ö‡πâ‡∏≤‡∏ô x BNK48 ‡∏à‡∏≤‡∏Å‡πÉ‡∏à‡∏ú‡∏π‡πâ‡∏™‡∏≤‡∏ß‡∏Ñ‡∏ô‡∏ô‡∏µ‡πâ / BNK48,144227090
Alan Walker - The Spectre,143896843
"ZOMBIES 2 - Cast - Flesh & Bone (From ""ZOMBIES 2"")",143858812
Shayad - Love Aaj Kal | Kartik | Sara | Arushi | Pritam | Arijit Singh,143695335
Charlie Puth - Attention [Official Video],143270671
Shawn Mendes - Treat You Better,143168528
Butterfly : Jass Manak (Full Video) Satti Dhillon | Sharry Nexus | GK DIGITAL | Geet MP3,143142122
Myke Towers - Girl (Video Oficial),143020776
Gorillaz - Clint Eastwood (Official Video),142729907
‡∏Ñ‡∏¥‡∏î‡∏Æ‡∏≠‡∏î‡πÄ‡∏î‡πâ‡∏≠ - ‡πÄ‡∏ô‡∏° ‡∏™‡∏∏‡∏£‡∏û‡∏á‡∏®‡πå „Äê OFFICIAL MV „Äë,141467333
Gusttavo Lima - Na Hora de Amar (Spending My Time) - DVD O Embaixador (Ao Vivo),140887609
Lukas Graham - 7 Years [Official Music Video],140856824
Dr. Dre - Still D.R.E. ft. Snoop Dogg,140812995
Taylor Swift - Shake It Off,140430178
Guns N' Roses - Sweet Child O' Mine (Official Music Video),140388015
Ozuna - Mi Ni√±a (Video Oficial),140284612
"Phir Bhi Tumko Chaahunga - Full Song | Arijit Singh | Arjun K & Shraddha K | Mithoon, Manoj M",140261007
Alan Walker - Alone,140077274
Ariana Grande & Justin Bieber - Stuck with U (Official Video),140075081
Lil Nas X - Old Town Road (Official Movie) ft. Billy Ray Cyrus,139939924
‡∏á‡∏≤‡∏ô‡πÅ‡∏ï‡πà‡∏á‡∏Ñ‡∏ô‡∏à‡∏ô - ‡∏°‡∏ô‡∏ï‡πå‡πÅ‡∏Ñ‡∏ô ‡πÅ‡∏Å‡πà‡∏ô‡∏Ñ‡∏π‡∏ô„Äê MV CUTDOWN„Äë,139891947
Christian Nodal - No Te Contaron Mal (Video Oficial),139723825
"6ix9ine - FEFE ft. Nicki Minaj, Murda Beatz",139236789
‡§∂‡•ç‡§∞‡•Ä ‡§π‡§®‡•Å‡§Æ‡§æ‡§® ‡§Ö‡§Æ‡•É‡§§‡§µ‡§æ‡§£‡•Ä Shree Hanuman Amritwani Part 2 by Anuradha Paudwal I Full Video Song,138940876
Harry Styles - Sign of the Times (Official Video),138762012
Ava Max - Kings & Queens [Official Music Video],138334286
Let√≠cia - Z√© Vaqueiro (Clipe Oficial),138052189
Evanescence - Bring Me To Life (Official HD Music Video),137685046
6IX9INE- PUNANI (Official Music Video),137564575
"KAROL G, Maluma - Cr√©eme (Official Video)",137485276
"Haan Main Galat - Love Aaj Kal | Kartik, Sara | Pritam | Arijit Singh | Shashwat",137422220
twenty one pilots - Chlorine (Official Video),137242547
Fun.: We Are Young ft. Janelle Mon√°e [OFFICIAL VIDEO],137216079
Maroon 5 - Girls Like You ft. Cardi B (Volume 2) (Official Music Video),137152236
French Montana - Unforgettable ft. Swae Lee,137107627
MACKLEMORE & RYAN LEWIS - THRIFT SHOP FEAT. WANZ (OFFICIAL VIDEO),137070064
Mar√≠lia Mendon√ßa & Maiara e Maraisa - Quero Voc√™ Do Jeito Que Quiser (Official Music Video),136977466
Bruno Mars - Just The Way You Are (Official Music Video),136880020
Taaron Ka Chamakta [Full Song] Hum Tumhare Hain Sanam,136749733
"Black Eyed Peas, Shakira - GIRL LIKE ME (Official Music Video)",136694680
Á±≥Ê¥•ÁéÑÂ∏´ - Lemon Kenshi Yonezu,136598151
"Ariana Grande - thank u, next (Official Video)",136569514
Daddy Yankee & Wisin y Yandel - Si Supieras (Video Oficial),136457120
Carla Morrison - Disfruto (letra),136412025
Gusttavo Lima - De Menina Pra Mulher (O Embaixador The Legacy),136370215
BLACKPINK - 'Î∂àÏû•ÎÇú (PLAYING WITH FIRE)' M/V,136225327
"Lyrical: Khairiyat | Chhichhore | Nitesh Tiwari | Arijit Singh | Sushant, Shraddha | Pritam",136168098
XXXTENTACION - SAD!,136121212
